posDesiredX0	posDesiredY0	posDesiredZ0	Fx0	Fy0	Fz0	posErrX0	posErrY0	posErrZ0	posx0	posy0	posz0	velx0	vely0	velz0	yaw0	rollCmd0	pitchCmd0	throttleCmd0	yawRateCmd0	mspRoll0	mspPitch0	mspThrottle0	mspYawRate0	trackingFlag0
0	0	0	0	0	0	-0.00146538	-0.000401595	0.000282613	0.00146538	0.000401595	-0.000282613	0.028210998071361654	0.007731370545843728	-0.0054407694918326525	0.0	0.0	0.0	0.0	0	1500	1500	1000	1500	True
0	0	0	0	0	0	-0.00146538	-0.000401595	0.000282613	0.00146538	0.000401595	-0.000282613	0.028210998071361654	0.007731370545843728	-1.2975119795348533	0.0	0.0	0.0	0.05581894340002691	0	1500	1500	1055	1500	True
0	0	0	0	0	0	-0.00146538	-0.000401595	0.000282613	0.00146538	0.000401595	-0.000282613	0.028210998071361654	0.007731370545843728	-0.0054407694918326525	0.0	0.0	0.0	0.11580643779998355	0	1500	1500	1115	1500	True
0	0	0	0	0	0	-0.00146538	-0.000401595	0.000282613	0.00146538	0.000401595	-0.000282613	0.0	0.0	0.0	0.0	0.0	0.0	0.1633395292000387	0	1500	1500	1163	1500	True
0	0	0	0	0	0	-0.00146538	-0.000401595	0.000282613	0.00146538	0.000401595	-0.000282613	0.0	0.0	0.0	0.0	0.0	0.0	0.20581609079999907	0	1500	1500	1205	1500	True
0	0	0	0	0	0	-0.00146538	-0.000401595	0.000282613	0.00146538	0.000401595	-0.000282613	0.0	0.0	0.0	0.0	0.0	0.0	0.25907864939999853	0	1500	1500	1259	1500	True
0	0	0	0	0	0	-0.00146538	-0.000401595	0.000282613	0.00146538	0.000401595	-0.000282613	0.0	0.0	0.0	0.0	0.0	0.0	0.3027699709999979	0	1500	1500	1302	1500	True
0	0	0	0	0	0	-0.00146538	-0.000401595	0.000282613	0.00146538	0.000401595	-0.000282613	0.0	0.0	0.0	0.0	0.0	0.0	0.3449536158000228	0	1500	1500	1344	1500	True
0	0	0	-0.00073269	-0.00012047849999999999	0.4001413065	-0.00146538	-0.000401595	0.000282613	0.00146538	0.000401595	-0.000282613	0.0	0.0	0.0	0.0	0.0003010893719030124	-0.0018310760954311908	0.4001419954431577	0.0	1500	1499	1400	1500	True
0	0	0	-0.00073269	-0.00012047849999999999	0.4001413065	-0.00146538	-0.000401595	0.000282613	0.00146538	0.000401595	-0.000282613	0.0	0.0	0.0	0.0	0.0003010893719030124	-0.0018310760954311908	0.4001419954431577	0.0	1500	1499	1400	1500	True
0	0	0	-0.00073269	-0.00012047849999999999	0.4001413065	-0.00146538	-0.000401595	0.000282613	0.00146538	0.000401595	-0.000282613	0.0	0.0	0.0	0.0	0.0003010893719030124	-0.0018310760954311908	0.4001419954431577	0.0	1500	1499	1400	1500	True
0	0	0	-0.00073269	-0.00012047849999999999	0.4001413065	-0.00146538	-0.000401595	0.000282613	0.00146538	0.000401595	-0.000282613	0.0	0.0	0.0	0.0	0.0003010893719030124	-0.0018310760954311908	0.4001419954431577	0.0	1500	1499	1400	1500	True
0	0	0	-0.00073269	-0.00012047849999999999	0.4001413065	-0.00146538	-0.000401595	0.000282613	0.00146538	0.000401595	-0.000282613	0.0	0.0	0.0	0.0	0.0003010893719030124	-0.0018310760954311908	0.4001419954431577	0.0	1500	1499	1400	1500	True
0	0	0	-0.00073269	-0.00012047849999999999	0.4001413065	-0.00146538	-0.000401595	0.000282613	0.00146538	0.000401595	-0.000282613	0.0	0.0	0.0	0.0	0.0003010893719030124	-0.0018310760954311908	0.4001419954431577	0.0	1500	1499	1400	1500	True
0	0	0	-0.00073269	-0.00012047849999999999	0.4001413065	-0.00146538	-0.000401595	0.000282613	0.00146538	0.000401595	-0.000282613	0.0	0.0	0.0	0.0	0.0003010893719030124	-0.0018310760954311908	0.4001419954431577	0.0	1500	1499	1400	1500	True
0	0	0	0.0001413065	-0.000439614	0.3997992025	0.000282613	-0.00146538	-0.000401595	0.00146538	0.000401595	-0.000282613	0.0	0.0	0.0	0.0	0.0010995864739860048	0.00035344366131904125	0.39979946916877207	0.0	1500	1500	1399	1500	True
0	0	0	0.0001413065	-0.000439614	0.3997992025	0.000282613	-0.00146538	-0.000401595	0.00146538	0.000401595	-0.000282613	0.0	0.0	0.0	0.0	0.0010995864739860048	0.00035344366131904125	0.39979946916877207	0.0	1500	1500	1399	1500	True
0.0	0.0	1.154933429406424e-05	0.0001413065	-0.000439614	0.3998049771671471	0.000282613	-0.00146538	-0.00039004566570593574	0.00146538	0.000401595	-0.000282613	0.0	0.0	0.0	0.0	0.0010995705916904703	0.00035343855672812316	0.39980524383206745	0.0	1500	1500	1399	1500	True
0.0	0.0	0.0021910994527439553	0.0001413065	-0.000439614	0.400894752226372	0.000282613	-0.00146538	0.0017895044527439553	0.00146538	0.000401595	-0.000282613	0.0	0.0	0.0	0.0	0.0010965815691249352	0.0003524777850348815	0.40089501816640244	0.0	1500	1500	1400	1500	True
0.0	0.0	0.007651602769652044	0.0001413065	-0.000439614	0.40362500388482603	0.000282613	-0.00146538	0.007250007769652044	0.00146538	0.000401595	-0.000282613	0.0	0.0	0.0	0.0	0.0010891639393093159	0.00035009350973452867	0.4036252680259522	0.0	1500	1500	1403	1500	True
0.0	0.0	0.01583164837710163	0.0001413065	-0.000439614	0.40771502668855086	0.000282613	-0.00146538	0.015430053377101632	0.00146538	0.000401595	-0.000282613	0.0	0.0	0.0	0.0	0.0010782379219850386	0.0003465815221093945	0.4077152881799279	0.0	1500	1500	1407	1500	True
0.0	0.0	0.026781652723100124	0.0001413065	-0.000439614	0.4131900288615501	0.000282613	-0.00146538	0.026380057723100123	0.00146538	0.000401595	-0.000282613	0.0	0.0	0.0	0.0	0.001063950670959583	0.0003419891203525838	0.41319028688802034	0.0	1500	1500	1413	1500	True
0.0	0.0	0.037851949290490905	0.0001413065	-0.000439614	0.4187251771452455	0.000282613	-0.00146538	0.03745035429049091	0.00146538	0.000401595	-0.000282613	0.0	0.0	0.0	0.0	0.0010498862677146014	0.00033746835021597525	0.4187254317608535	0.0	1500	1500	1418	1500	True
0.0	0.0	0.0530292784082248	0.0001413065	-0.000439614	0.4263138417041124	0.000282613	-0.00146538	0.0526276834082248	0.00146538	0.000401595	-0.000282613	0.0	0.0	0.0	0.0	0.0010311976225740851	0.00033146119343532566	0.4263140917873991	0.0	1500	1500	1426	1500	True
0.0	0.0	0.0775056170623169	0.0001413065	-0.000439614	0.4385520110311585	0.000282613	-0.00146538	0.0771040220623169	0.00146538	0.000401595	-0.000282613	0.0	0.0	0.0	0.0	0.0010024211926405531	0.00032221148608561196	0.4385522541356609	0.0	1500	1500	1438	1500	True
0.0	0.0	0.0987602443869508	0.0001413065	-0.000439614	0.44917932469347543	0.000282613	-0.00146538	0.0983586493869508	0.00146538	0.000401595	-0.000282613	0.0	0.0	0.0	0.0	0.0009787045257350232	0.00031458815545447045	0.4491795620462741	0.0	1500	1500	1449	1500	True
0.0	0.0	0.12085275613493673	0.0001413065	-0.000439614	0.4602255805674684	0.000282613	-0.00146538	0.12045116113493673	0.00146538	0.000401595	-0.000282613	0.0	0.0	0.0	0.0	0.0009552138433141819	0.0003070374644713162	0.4602258122233685	0.0	1500	1500	1460	1500	True
0.0	0.0	0.14669547375013992	0.0001413065	-0.000439614	0.47314693937506996	0.000282613	-0.00146538	0.1462938787501399	0.00146538	0.000401595	-0.000282613	0.0	0.0	0.0	0.0	0.0009291275441908019	0.00029865245688177135	0.4731471647045896	0.0	1500	1500	1473	1500	True
0.0	0.0	0.16957579688403046	0.0001413065	-0.000439614	0.48458710094201524	0.000282613	-0.00146538	0.16917420188403046	0.00146538	0.000401595	-0.000282613	0.0	0.0	0.0	0.0	0.0009071926593633769	0.0002916018515873594	0.48458732095194446	0.0	1500	1500	1484	1500	True
0.0	0.0	0.19793177311801435	0.0001413065	-0.000439614	0.4987650890590072	0.000282613	-0.00146538	0.19753017811801435	0.00146538	0.000401595	-0.000282613	0.0	0.0	0.0	0.0	0.0008814046495573643	0.00028331272417804785	0.4987653028148964	0.0	1500	1500	1498	1500	True
0.0	0.0	0.2278348759256722	0.0001413065	-0.000439614	0.5137166404628362	0.000282613	-0.00146538	0.2274332809256722	0.00146538	0.000401595	-0.000282613	0.0	0.0	0.0	0.0	0.0008557516757316988	0.00027506700346023876	0.5137168479974341	0.0	1500	1500	1513	1500	True
0.0	0.0	0.26266915393607837	0.0001413065	-0.000439614	0.5311337794680392	0.000282613	-0.00146538	0.2622675589360784	0.00146538	0.000401595	-0.000282613	0.0	0.0	0.0	0.0	0.0008276895594416976	0.0002660469028451559	0.531133980197087	0.0	1500	1500	1531	1500	True
0.0	0.0	0.2942603362599222	0.0001413065	-0.000439614	0.5469293706299612	0.000282613	-0.00146538	0.29385874125992223	0.00146538	0.000401595	-0.000282613	0.0	0.0	0.0	0.0	0.0008037854874304429	0.0002583633360925111	0.5469295655618568	0.0	1500	1500	1546	1500	True
0.0	0.0	0.32694164596710895	0.0001413065	-0.000439614	0.5632700254835545	0.000282613	-0.00146538	0.326540050967109	0.00146538	0.000401595	-0.000282613	0.0	0.0	0.0	0.0	0.0007804674083161592	0.0002508681277186502	0.5632702147604115	0.0	1500	1500	1563	1500	True
0.0	0.0	0.37000244367408786	-0.00073269	-0.00012047849999999999	0.5851425283370439	-0.00146538	-0.000401595	0.37028505667408784	0.00146538	0.000401595	-0.000282613	0.0	0.0	0.0	0.0	0.00020589582590503232	-0.001252155810830153	0.5851429994611346	0.0	1500	1499	1585	1500	True
0.0	0.0	0.4062808995324867	-0.00073269	-0.00012047849999999999	0.6032817562662434	-0.00146538	-0.000401595	0.4065635125324867	0.00146538	0.000401595	-0.000282613	0.0	0.0	0.0	0.0	0.000199705042836114	-0.0012145065421053699	0.6032822132247793	0.0	1500	1499	1603	1500	True
0.0	0.0	0.4428369881802581	-0.00073269	-0.00012047849999999999	0.621559800590129	-0.00146538	-0.000401595	0.44311960118025806	0.00146538	0.000401595	-0.000282613	0.0	0.0	0.0	0.0	0.0001938323783717752	-0.0011787919037700555	0.6215602441110162	0.0	1500	1499	1621	1500	True
0.0	0.0	0.483314385996668	-0.00073269	-0.00012047849999999999	0.641798499498334	-0.00146538	-0.000401595	0.48359699899666797	0.00146538	0.000401595	-0.000282613	0.0	0.0	0.0	0.0	0.00018772001037971564	-0.001141619499248074	0.6417989290330876	0.0	1500	1499	1641	1500	True
0.0	0.0	0.5212447411440153	-0.00073269	-0.00012047849999999999	0.6607636770720077	-0.00146538	-0.000401595	0.5215273541440153	0.00146538	0.000401595	-0.000282613	0.0	0.0	0.0	0.0	0.0001823320940372841	-0.0011088528698247606	0.6607640942783025	0.0	1500	1499	1660	1500	True
0.0	0.0	0.5552786020247134	-0.00073269	-0.00012047849999999999	0.6777806075123567	-0.00146538	-0.000401595	0.5555612150247133	0.00146538	0.000401595	-0.000282613	0.0	0.0	0.0	0.0	0.00017775431699726057	-0.0010810130984052024	0.6777810142439256	0.0	1500	1499	1677	1500	True
0.0	0.0	0.5896489347469744	-0.00073269	-0.00012047849999999999	0.6949657738734872	-0.00146538	-0.000401595	0.5899315477469744	0.00146538	0.000401595	-0.000282613	0.0	0.0	0.0	0.0	0.0001733587983073696	-0.0010542817445973443	0.6949661705473728	0.0	1500	1499	1694	1500	True
0.0	0.0	0.614531130098747	-0.00073269	-0.00012047849999999999	0.7074068715493735	-0.00146538	-0.000401595	0.614813743098747	0.00146538	0.000401595	-0.000282613	0.0	0.0	0.0	0.0	0.00017030995782980432	-0.0010357402047812346	0.7074072612469969	0.0	1500	1499	1707	1500	True
0.0	0.0	0.6506788374265278	-0.00073269	-0.00012047849999999999	0.7254807252132639	-0.00146538	-0.000401595	0.6509614504265278	0.00146538	0.000401595	-0.000282613	0.0	0.0	0.0	0.0	0.00016606704141187425	-0.0010099368949695092	0.7254811052023812	0.0	1500	1499	1725	1500	True
0.0	0.0	0.6857434315339304	-0.00073269	-0.00012047849999999999	0.7430130222669652	-0.00146538	-0.000401595	0.6860260445339303	0.00146538	0.000401595	-0.000282613	0.0	0.0	0.0	0.0	0.00016214849144851112	-0.000986106219533636	0.743013393289781	0.0	1500	1499	1743	1500	True
0.0	0.0	0.715037701677681	-0.00073269	-0.00012047849999999999	0.7576601573388405	-0.00146538	-0.000401595	0.715320314677681	0.00146538	0.000401595	-0.000282613	0.0	0.0	0.0	0.0	0.00015901382877570115	-0.0009670427627037114	0.7576605211890228	0.0	1500	1499	1757	1500	True
0.0	0.0	0.7520571311335518	-0.00073269	-0.00012047849999999999	0.7761698720667759	-0.00146538	-0.000401595	0.7523397441335518	0.00146538	0.000401595	-0.000282613	0.0	0.0	0.0	0.0	0.0001552217507099804	-0.0009439812193611925	0.7761702272400433	0.0	1500	1499	1776	1500	True
0.0	0.0	0.786826202711175	-0.00073269	-0.00012047849999999999	0.7935544078555875	-0.00146538	-0.000401595	0.787108815711175	0.00146538	0.000401595	-0.000282613	0.0	0.0	0.0	0.0	0.0001518212817806454	-0.0009233012690409111	0.7935547552480151	0.0	1500	1499	1793	1500	True
0.0	0.0	0.8205310465707982	-0.00073269	-0.00012047849999999999	0.8104068297853991	-0.00146538	-0.000401595	0.8208136595707982	0.00146538	0.000401595	-0.000282613	0.0	0.0	0.0	0.0	0.0001486641600313716	-0.0009041012161623277	0.8104071699537992	0.0	1500	1499	1810	1500	True
0.0	0.0	0.8411404509189029	-0.00073269	-0.00012047849999999999	0.8207115319594515	-0.00146538	-0.000401595	0.8414230639189029	0.00146538	0.000401595	-0.000282613	0.0	0.0	0.0	0.0	0.00014679756144088271	-0.0008927494944895687	0.8207118678567618	0.0	1500	1499	1820	1500	True
0.0	0.0	0.8708392324803209	-0.00073269	-0.00012047849999999999	0.8355609227401605	-0.00146538	-0.000401595	0.8711218454803209	0.00146538	0.000401595	-0.000282613	0.0	0.0	0.0	0.0	0.00014418871128208318	-0.0008768837703715921	0.8355612526679858	0.0	1500	1499	1835	1500	True
0.0	0.0	0.9067984297100637	-0.00073269	-0.00012047849999999999	0.8535405213550319	-0.00146538	-0.000401595	0.9070810427100637	0.00146538	0.000401595	-0.000282613	0.0	0.0	0.0	0.0	0.00014115141917742335	-0.0008584124614216304	0.85354084433302	0.0	1500	1499	1853	1500	True
0.0	0.0	0.934367101534201	-0.00073269	-0.00012047849999999999	0.8673248572671005	-0.00146538	-0.000401595	0.934649714534201	0.00146538	0.000401595	-0.000282613	0.0	0.0	0.0	0.0	0.00013890811044313647	-0.0008447697762567748	0.867325175112023	0.0	1500	1499	1867	1500	True
0.0	0.0	0.9584284087101524	-0.00073269	-0.00012047849999999999	0.8793555108550762	-0.00146538	-0.000401595	0.9587110217101524	0.00146538	0.000401595	-0.000282613	0.0	0.0	0.0	0.0	0.00013700767948463013	-0.0008332123031152791	0.879355824351495	0.0	1500	1499	1879	1500	True
0.0	0.0	0.9802762041104867	-0.00073269	-0.00012047849999999999	0.8902794085552433	-0.00146538	-0.000401595	0.9805588171104866	0.00146538	0.000401595	-0.000282613	0.0	0.0	0.0	0.0	0.000135326571906849	-0.0008229886341088255	0.8902797182050027	0.0	1500	1499	1890	1500	True
0.0	0.0	0.9940818751862306	-0.00073269	-0.00012047849999999999	0.8971822440931153	-0.00146538	-0.000401595	0.9943644881862306	0.00146538	0.000401595	-0.000282613	0.0	0.0	0.0	0.0	0.00013428538022200372	-0.000816656640308426	0.8971825513604594	0.0	1500	1499	1897	1500	True
0.0	0.0	1.0148494132095944	-0.00073269	-0.00012047849999999999	0.9075660131047972	-0.00146538	-0.000401595	1.0151320262095944	0.00146538	0.000401595	-0.000282613	0.0	0.0	0.0	0.0	0.0001327489775670246	-0.000807313000085056	0.9	0.0	1500	1499	1900	1500	True
0.0	0.0	1.0388009270530425	-0.00073269	-0.00012047849999999999	0.9195417700265213	-0.00146538	-0.000401595	1.0390835400530425	0.00146538	0.000401595	-0.000282613	0.0	0.0	0.0	0.0	0.0001310201080568677	-0.0007967988716776689	0.9	0.0	1500	1499	1900	1500	True
0.0	0.0	1.050101092491131	-0.00073269	-0.00012047849999999999	0.9251918527455655	-0.00146538	-0.000401595	1.050383705491131	0.00146538	0.000401595	-0.000282613	0.0	0.0	0.0	0.0	0.00013021997820489433	-0.000791932878073566	0.9	0.0	1500	1499	1900	1500	True
0.0	0.0	1.064754893472057	-0.00073269	-0.00012047849999999999	0.9325187532360285	-0.00146538	-0.000401595	1.065037506472057	0.00146538	0.000401595	-0.000282613	0.0	0.0	0.0	0.0	0.0001291968260253681	-0.000785710578497175	0.9	0.0	1500	1499	1900	1500	True
0.0	0.0	1.0773864898484806	-0.00073269	-0.00012047849999999999	0.9388345514242403	-0.00146538	-0.000401595	1.0776691028484806	0.00146538	0.000401595	-0.000282613	0.0	0.0	0.0	0.0	0.00012832768234725004	-0.0007804248897512244	0.9	0.0	1500	1499	1900	1500	True
0.0	0.0	1.0890115211180023	-0.00073269	-0.00012047849999999999	0.9446470670590011	-0.00146538	-0.000401595	1.0892941341180022	0.00146538	0.000401595	-0.000282613	0.0	0.0	0.0	0.0	0.000127538070625386	-0.0007756228526136062	0.9	0.0	1500	1499	1900	1500	True
0.0	0.0	1.0934384508039159	-0.00073269	-0.00012047849999999999	0.946860531901958	-0.00146538	-0.000401595	1.0937210638039159	0.00146538	0.000401595	-0.000282613	0.0	0.0	0.0	0.0	0.00012723992669473955	-0.0007738096889307772	0.9	0.0	1500	1499	1900	1500	True
0.0	0.0	1.0977737861161394	-0.00073269	-0.00012047849999999999	0.9490281995580697	-0.00146538	-0.000401595	1.0980563991161394	0.00146538	0.000401595	-0.000282613	0.0	0.0	0.0	0.0	0.0001269492986104437	-0.0007720422372928718	0.9	0.0	1500	1499	1900	1500	True
0.0	0.0	1.0998531009673433	-0.00073269	-0.00012047849999999999	0.9500678569836717	-0.00146538	-0.000401595	1.1001357139673433	0.00146538	0.000401595	-0.000282613	0.0	0.0	0.0	0.0	0.0001268103770923465	-0.000771197393290574	0.9	0.0	1500	1499	1900	1500	True
0	0	1.1	-0.00073269	-0.00012047849999999999	0.9501413065000001	-0.00146538	-0.000401595	1.100282613	0.00146538	0.000401595	-0.000282613	0.0	0.0	0.0	0.0	0.00012680057405488465	-0.0007711377768277561	0.9	0.0	1500	1499	1900	1500	True
0.0	0.0	1.1	-0.00073269	-0.00012047849999999999	0.9501413065000001	-0.00146538	-0.000401595	1.100282613	0.00146538	0.000401595	-0.000282613	0.0	0.0	0.0	0.0	0.00012680057405488465	-0.0007711377768277561	0.9	0.0	1500	1499	1900	1500	True
0.0	0.0	1.1	-0.00073269	-0.00012047849999999999	0.9501413065000001	-0.00146538	-0.000401595	1.100282613	0.00146538	0.000401595	-0.000282613	0.0	0.0	0.0	0.0	0.00012680057405488465	-0.0007711377768277561	0.9	0.0	1500	1499	1900	1500	True
0.0	0.0	1.1	-0.00073269	-0.00012047849999999999	0.9501413065000001	-0.00146538	-0.000401595	1.100282613	0.00146538	0.000401595	-0.000282613	0.0	0.0	0.0	0.0	0.00012680057405488465	-0.0007711377768277561	0.9	0.0	1500	1499	1900	1500	True
0.0	0.0	1.1	-0.00073269	-0.00012047849999999999	0.9501413065000001	-0.00146538	-0.000401595	1.100282613	0.00146538	0.000401595	-0.000282613	0.0	0.0	0.0	0.0	0.00012680057405488465	-0.0007711377768277561	0.9	0.0	1500	1499	1900	1500	True
0.0	0.0	1.1	-0.00073269	-0.00012047849999999999	0.9501413065000001	-0.00146538	-0.000401595	1.100282613	0.00146538	0.000401595	-0.000282613	0.0	0.0	0.0	0.0	0.00012680057405488465	-0.0007711377768277561	0.9	0.0	1500	1499	1900	1500	True
0.0	0.0	1.1	-0.00073269	-0.00012047849999999999	0.9501413065000001	-0.00146538	-0.000401595	1.100282613	0.00146538	0.000401595	-0.000282613	0.0	0.0	0.0	0.0	0.00012680057405488465	-0.0007711377768277561	0.9	0.0	1500	1499	1900	1500	True
0.0	0.0	1.1	-0.00073269	-0.00012047849999999999	0.9501413065000001	-0.00146538	-0.000401595	1.100282613	0.00146538	0.000401595	-0.000282613	0.0	0.0	0.0	0.0	0.00012680057405488465	-0.0007711377768277561	0.9	0.0	1500	1499	1900	1500	True
0.0	0.0	1.1	-0.00073269	-0.00012047849999999999	0.9501413065000001	-0.00146538	-0.000401595	1.100282613	0.00146538	0.000401595	-0.000282613	0.0	0.0	0.0	0.0	0.00012680057405488465	-0.0007711377768277561	0.9	0.0	1500	1499	1900	1500	True
0.0	0.0	1.1	-0.00073269	-0.00012047849999999999	0.9501413065000001	-0.00146538	-0.000401595	1.100282613	0.00146538	0.000401595	-0.000282613	0.0	0.0	0.0	0.0	0.00012680057405488465	-0.0007711377768277561	0.9	0.0	1500	1499	1900	1500	True
0.0	0.0	1.1	-0.00073269	-0.00012047849999999999	0.9501413065000001	-0.00146538	-0.000401595	1.100282613	0.00146538	0.000401595	-0.000282613	0.0	0.0	0.0	0.0	0.00012680057405488465	-0.0007711377768277561	0.9	0.0	1500	1499	1900	1500	True
0.0	0.0	1.1	-0.00073269	-0.00012047849999999999	0.9501413065000001	-0.00146538	-0.000401595	1.100282613	0.00146538	0.000401595	-0.000282613	0.0	0.0	0.0	0.0	0.00012680057405488465	-0.0007711377768277561	0.9	0.0	1500	1499	1900	1500	True
0.0	0.0	1.1	-0.00073269	-0.00012047849999999999	0.9501413065000001	-0.00146538	-0.000401595	1.100282613	0.00146538	0.000401595	-0.000282613	0.0	0.0	0.0	0.0	0.00012680057405488465	-0.0007711377768277561	0.9	0.0	1500	1499	1900	1500	True
0.0	0.0	1.1	-0.00073269	-0.00012047849999999999	0.9501413065000001	-0.00146538	-0.000401595	1.100282613	0.00146538	0.000401595	-0.000282613	0.0	0.0	0.0	0.0	0.00012680057405488465	-0.0007711377768277561	0.9	0.0	1500	1499	1900	1500	True
0.0	0.0	1.1	-0.00073269	-0.00012047849999999999	0.9501413065000001	-0.00146538	-0.000401595	1.100282613	0.00146538	0.000401595	-0.000282613	0.0	0.0	0.0	0.0	0.00012680057405488465	-0.0007711377768277561	0.9	0.0	1500	1499	1900	1500	True
0.0	0.0	1.1	-0.00073269	-0.00012047849999999999	0.9501413065000001	-0.00146538	-0.000401595	1.100282613	0.00146538	0.000401595	-0.000282613	0.0	0.0	0.0	0.0	0.00012680057405488465	-0.0007711377768277561	0.9	0.0	1500	1499	1900	1500	True
0.0	0.0	1.1	-0.00073269	-0.00012047849999999999	0.9501413065000001	-0.00146538	-0.000401595	1.100282613	0.00146538	0.000401595	-0.000282613	0.0	0.0	0.0	0.0	0.00012680057405488465	-0.0007711377768277561	0.9	0.0	1500	1499	1900	1500	True
0.0	0.0	1.1	-0.00073269	-0.00012047849999999999	0.9501413065000001	-0.00146538	-0.000401595	1.100282613	0.00146538	0.000401595	-0.000282613	0.0	0.0	0.0	0.0	0.00012680057405488465	-0.0007711377768277561	0.9	0.0	1500	1499	1900	1500	True
0.0	0.0	1.1	-0.00073269	-0.00012047849999999999	0.9501413065000001	-0.00146538	-0.000401595	1.100282613	0.00146538	0.000401595	-0.000282613	0.0	0.0	0.0	0.0	0.00012680057405488465	-0.0007711377768277561	0.9	0.0	1500	1499	1900	1500	True
0.0	0.0	1.1	-0.00073269	-0.00012047849999999999	0.9501413065000001	-0.00146538	-0.000401595	1.100282613	0.00146538	0.000401595	-0.000282613	0.0	0.0	0.0	0.0	0.00012680057405488465	-0.0007711377768277561	0.9	0.0	1500	1499	1900	1500	True
0.0	0.0	1.1	-0.00073269	-0.00012047849999999999	0.9501413065000001	-0.00146538	-0.000401595	1.100282613	0.00146538	0.000401595	-0.000282613	0.0	0.0	0.0	0.0	0.00012680057405488465	-0.0007711377768277561	0.9	0.0	1500	1499	1900	1500	True
0.0	0.0	1.1	-0.00073269	-0.00012047849999999999	0.9501413065000001	-0.00146538	-0.000401595	1.100282613	0.00146538	0.000401595	-0.000282613	0.0	0.0	0.0	0.0	0.00012680057405488465	-0.0007711377768277561	0.9	0.0	1500	1499	1900	1500	True
0.0	0.0	1.1	-0.00073269	-0.00012047849999999999	0.9501413065000001	-0.00146538	-0.000401595	1.100282613	0.00146538	0.000401595	-0.000282613	0.0	0.0	0.0	0.0	0.00012680057405488465	-0.0007711377768277561	0.9	0.0	1500	1499	1900	1500	True
0.0	0.0	1.1	-0.00073269	-0.00012047849999999999	0.9501413065000001	-0.00146538	-0.000401595	1.100282613	0.00146538	0.000401595	-0.000282613	0.0	0.0	0.0	0.0	0.00012680057405488465	-0.0007711377768277561	0.9	0.0	1500	1499	1900	1500	True
0.0	0.0	1.1	-0.00073269	-0.00012047849999999999	0.9501413065000001	-0.00146538	-0.000401595	1.100282613	0.00146538	0.000401595	-0.000282613	0.0	0.0	0.0	0.0	0.00012680057405488465	-0.0007711377768277561	0.9	0.0	1500	1499	1900	1500	True
0.0	0.0	1.1	-0.00073269	-0.00012047849999999999	0.9501413065000001	-0.00146538	-0.000401595	1.100282613	0.00146538	0.000401595	-0.000282613	0.0	0.0	0.0	0.0	0.00012680057405488465	-0.0007711377768277561	0.9	0.0	1500	1499	1900	1500	True
0.0	0.0	1.1	-0.00073269	-0.00012047849999999999	0.9501413065000001	-0.00146538	-0.000401595	1.100282613	0.00146538	0.000401595	-0.000282613	0.0	0.0	0.0	0.0	0.00012680057405488465	-0.0007711377768277561	0.9	0.0	1500	1499	1900	1500	True
0.0	0.0	1.1	-0.00073269	-0.00012047849999999999	0.9501413065000001	-0.00146538	-0.000401595	1.100282613	0.00146538	0.000401595	-0.000282613	0.0	0.0	0.0	0.0	0.00012680057405488465	-0.0007711377768277561	0.9	0.0	1500	1499	1900	1500	True
0.0	0.0	1.1	-0.00073269	-0.00012047849999999999	0.9501413065000001	-0.00146538	-0.000401595	1.100282613	0.00146538	0.000401595	-0.000282613	0.0	0.0	0.0	0.0	0.00012680057405488465	-0.0007711377768277561	0.9	0.0	1500	1499	1900	1500	True
0.0	0.0	1.1	-0.00073269	-0.00012047849999999999	0.9501413065000001	-0.00146538	-0.000401595	1.100282613	0.00146538	0.000401595	-0.000282613	0.0	0.0	0.0	0.0	0.00012680057405488465	-0.0007711377768277561	0.9	0.0	1500	1499	1900	1500	True
0.0	0.0	1.1	-0.00073269	-0.00012047849999999999	0.9501413065000001	-0.00146538	-0.000401595	1.100282613	0.00146538	0.000401595	-0.000282613	0.0	0.0	0.0	0.0	0.00012680057405488465	-0.0007711377768277561	0.9	0.0	1500	1499	1900	1500	True
0.0	0.0	1.1	0.0001413065	-0.000439614	0.9497992025	0.000282613	-0.00146538	1.099598405	0.00146538	0.000401595	-0.000282613	0.0	0.0	0.0	0.0	0.00046284937151044197	0.0001487751286825583	0.9	0.0	1500	1500	1900	1500	True
0.0	0.0	1.1	0.0001413065	-0.000439614	0.9497992025	0.000282613	-0.00146538	1.099598405	0.00146538	0.000401595	-0.000282613	0.0	0.0	0.0	0.0	0.00046284937151044197	0.0001487751286825583	0.9	0.0	1500	1500	1900	1500	True
0.0	0.0	1.1	0.0001413065	-0.000439614	0.9497992025	0.000282613	-0.00146538	1.099598405	0.00146538	0.000401595	-0.000282613	0.0	0.0	0.0	0.0	0.00046284937151044197	0.0001487751286825583	0.9	0.0	1500	1500	1900	1500	True
0.0	0.0	1.1	0.0001413065	-0.000439614	0.9497992025	0.000282613	-0.00146538	1.099598405	0.00146538	0.000401595	-0.000282613	0.0	0.0	0.0	0.0	0.00046284937151044197	0.0001487751286825583	0.9	0.0	1500	1500	1900	1500	True
0.0	0.0	1.1	0.0001413065	-0.000439614	0.9497992025	0.000282613	-0.00146538	1.099598405	0.00146538	0.000401595	-0.000282613	0.0	0.0	0.0	0.0	0.00046284937151044197	0.0001487751286825583	0.9	0.0	1500	1500	1900	1500	True
0.0	0.0	1.1	0.0001413065	-0.000439614	0.9497992025	0.000282613	-0.00146538	1.099598405	0.00146538	0.000401595	-0.000282613	0.0	0.0	0.0	0.0	0.00046284937151044197	0.0001487751286825583	0.9	0.0	1500	1500	1900	1500	True
0.0	0.0	1.1	0.0001413065	-0.000439614	0.9497992025	0.000282613	-0.00146538	1.099598405	0.00146538	0.000401595	-0.000282613	0.0	0.0	0.0	0.0	0.00046284937151044197	0.0001487751286825583	0.9	0.0	1500	1500	1900	1500	True
0.0	0.0	1.1	0.0001413065	-0.000439614	0.9497992025	0.000282613	-0.00146538	1.099598405	0.00146538	0.000401595	-0.000282613	0.0	0.0	0.0	0.0	0.00046284937151044197	0.0001487751286825583	0.9	0.0	1500	1500	1900	1500	True
0.0	0.0	1.1	0.0001413065	-0.000439614	0.9497992025	0.000282613	-0.00146538	1.099598405	0.00146538	0.000401595	-0.000282613	0.0	0.0	0.0	0.0	0.00046284937151044197	0.0001487751286825583	0.9	0.0	1500	1500	1900	1500	True
0.0	0.0	1.1	0.0001413065	-0.000439614	0.9497992025	0.000282613	-0.00146538	1.099598405	0.00146538	0.000401595	-0.000282613	0.0	0.0	0.0	0.0	0.00046284937151044197	0.0001487751286825583	0.9	0.0	1500	1500	1900	1500	True
0.0	0.0	1.1	0.0001413065	-0.000439614	0.9497992025	0.000282613	-0.00146538	1.099598405	0.00146538	0.000401595	-0.000282613	0.0	0.0	0.0	0.0	0.00046284937151044197	0.0001487751286825583	0.9	0.0	1500	1500	1900	1500	True
0.0	0.0	1.1	0.0001413065	-0.000439614	0.9497992025	0.000282613	-0.00146538	1.099598405	0.00146538	0.000401595	-0.000282613	0.0	0.0	0.0	0.0	0.00046284937151044197	0.0001487751286825583	0.9	0.0	1500	1500	1900	1500	True
0.0	0.0	1.1	0.0001413065	-0.000439614	0.9497992025	0.000282613	-0.00146538	1.099598405	0.00146538	0.000401595	-0.000282613	0.0	0.0	0.0	0.0	0.00046284937151044197	0.0001487751286825583	0.9	0.0	1500	1500	1900	1500	True
0.0	0.0	1.1	0.0001413065	-0.000439614	0.9497992025	0.000282613	-0.00146538	1.099598405	0.00146538	0.000401595	-0.000282613	0.0	0.0	0.0	0.0	0.00046284937151044197	0.0001487751286825583	0.9	0.0	1500	1500	1900	1500	True
0.0	0.0	1.1	0.0001413065	-0.000439614	0.9497992025	0.000282613	-0.00146538	1.099598405	0.00146538	0.000401595	-0.000282613	0.0	0.0	0.0	0.0	0.00046284937151044197	0.0001487751286825583	0.9	0.0	1500	1500	1900	1500	True
0.0	0.0	1.1	0.0001413065	-0.000439614	0.9497992025	0.000282613	-0.00146538	1.099598405	0.00146538	0.000401595	-0.000282613	0.0	0.0	0.0	0.0	0.00046284937151044197	0.0001487751286825583	0.9	0.0	1500	1500	1900	1500	True
0.0	0.0	1.1	0.0001413065	-0.000439614	0.9497992025	0.000282613	-0.00146538	1.099598405	0.00146538	0.000401595	-0.000282613	0.0	0.0	0.0	0.0	0.00046284937151044197	0.0001487751286825583	0.9	0.0	1500	1500	1900	1500	True
0.0	0.0	1.1	0.0001413065	-0.000439614	0.9497992025	0.000282613	-0.00146538	1.099598405	0.00146538	0.000401595	-0.000282613	0.0	0.0	0.0	0.0	0.00046284937151044197	0.0001487751286825583	0.9	0.0	1500	1500	1900	1500	True
0.0	0.0	1.1	0.0001413065	-0.000439614	0.9497992025	0.000282613	-0.00146538	1.099598405	0.00146538	0.000401595	-0.000282613	0.0	0.0	0.0	0.0	0.00046284937151044197	0.0001487751286825583	0.9	0.0	1500	1500	1900	1500	True
0.0	0.0	1.1	0.0001413065	-0.000439614	0.9497992025	0.000282613	-0.00146538	1.099598405	0.00146538	0.000401595	-0.000282613	0.0	0.0	0.0	0.0	0.00046284937151044197	0.0001487751286825583	0.9	0.0	1500	1500	1900	1500	True
0.0	0.0	1.1	0.0001413065	-0.000439614	0.9497992025	0.000282613	-0.00146538	1.099598405	0.00146538	0.000401595	-0.000282613	0.0	0.0	0.0	0.0	0.00046284937151044197	0.0001487751286825583	0.9	0.0	1500	1500	1900	1500	True
0.0	0.0	1.1	0.0001413065	-0.000439614	0.9497992025	0.000282613	-0.00146538	1.099598405	0.00146538	0.000401595	-0.000282613	0.0	0.0	0.0	0.0	0.00046284937151044197	0.0001487751286825583	0.9	0.0	1500	1500	1900	1500	True
0.0	0.0	1.1	0.0001413065	-0.000439614	0.9497992025	0.000282613	-0.00146538	1.099598405	0.00146538	0.000401595	-0.000282613	0.0	0.0	0.0	0.0	0.00046284937151044197	0.0001487751286825583	0.9	0.0	1500	1500	1900	1500	True
0.0	0.0	1.1	0.0001413065	-0.000439614	0.9497992025	0.000282613	-0.00146538	1.099598405	0.00146538	0.000401595	-0.000282613	0.0	0.0	0.0	0.0	0.00046284937151044197	0.0001487751286825583	0.9	0.0	1500	1500	1900	1500	True
0.0	0.0	1.1	0.0001413065	-0.000439614	0.9497992025	0.000282613	-0.00146538	1.099598405	0.00146538	0.000401595	-0.000282613	0.0	0.0	0.0	0.0	0.00046284937151044197	0.0001487751286825583	0.9	0.0	1500	1500	1900	1500	True
0.0	0.0	1.1	0.0001413065	-0.000439614	0.9497992025	0.000282613	-0.00146538	1.099598405	0.00146538	0.000401595	-0.000282613	0.0	0.0	0.0	0.0	0.00046284937151044197	0.0001487751286825583	0.9	0.0	1500	1500	1900	1500	True
0.0	0.0	1.1	0.0001413065	-0.000439614	0.9497992025	0.000282613	-0.00146538	1.099598405	0.00146538	0.000401595	-0.000282613	0.0	0.0	0.0	0.0	0.00046284937151044197	0.0001487751286825583	0.9	0.0	1500	1500	1900	1500	True
0.0	0.0	1.1	0.0001413065	-0.000439614	0.9497992025	0.000282613	-0.00146538	1.099598405	0.00146538	0.000401595	-0.000282613	0.0	0.0	0.0	0.0	0.00046284937151044197	0.0001487751286825583	0.9	0.0	1500	1500	1900	1500	True
0.0	0.0	1.1	0.0001413065	-0.000439614	0.9497992025	0.000282613	-0.00146538	1.099598405	0.00146538	0.000401595	-0.000282613	0.0	0.0	0.0	0.0	0.00046284937151044197	0.0001487751286825583	0.9	0.0	1500	1500	1900	1500	True
0.0	0.0	1.1	0.0001413065	-0.000439614	0.9497992025	0.000282613	-0.00146538	1.099598405	0.00146538	0.000401595	-0.000282613	0.0	0.0	0.0	0.0	0.00046284937151044197	0.0001487751286825583	0.9	0.0	1500	1500	1900	1500	True
0.0	0.0	1.1	0.0001413065	-0.000439614	0.9497992025	0.000282613	-0.00146538	1.099598405	0.00146538	0.000401595	-0.000282613	0.0	0.0	0.0	0.0	0.00046284937151044197	0.0001487751286825583	0.9	0.0	1500	1500	1900	1500	True
0.0	0.0	1.1	0.0001413065	-0.000439614	0.9497992025	0.000282613	-0.00146538	1.099598405	0.00146538	0.000401595	-0.000282613	0.0	0.0	0.0	0.0	0.00046284937151044197	0.0001487751286825583	0.9	0.0	1500	1500	1900	1500	True
0.0	0.0	1.1	0.0001413065	-0.000439614	0.9497992025	0.000282613	-0.00146538	1.099598405	0.00146538	0.000401595	-0.000282613	0.0	0.0	0.0	0.0	0.00046284937151044197	0.0001487751286825583	0.9	0.0	1500	1500	1900	1500	True
0.0	0.0	1.1	0.0001413065	-0.000439614	0.9497992025	0.000282613	-0.00146538	1.099598405	0.00146538	0.000401595	-0.000282613	0.0	0.0	0.0	0.0	0.00046284937151044197	0.0001487751286825583	0.9	0.0	1500	1500	1900	1500	True
0.0	0.0	1.1	0.0001413065	-0.000439614	0.9497992025	0.000282613	-0.00146538	1.099598405	0.00146538	0.000401595	-0.000282613	0.0	0.0	0.0	0.0	0.00046284937151044197	0.0001487751286825583	0.9	0.0	1500	1500	1900	1500	True
0.0	0.0	1.1	0.0001413065	-0.000439614	0.9497992025	0.000282613	-0.00146538	1.099598405	0.00146538	0.000401595	-0.000282613	0.0	0.0	0.0	0.0	0.00046284937151044197	0.0001487751286825583	0.9	0.0	1500	1500	1900	1500	True
0.0	0.0	1.1	0.0001413065	-0.000439614	0.9497992025	0.000282613	-0.00146538	1.099598405	0.00146538	0.000401595	-0.000282613	0.0	0.0	0.0	0.0	0.00046284937151044197	0.0001487751286825583	0.9	0.0	1500	1500	1900	1500	True
0.0	0.0	1.1	0.0001413065	-0.000439614	0.9497992025	0.000282613	-0.00146538	1.099598405	0.00146538	0.000401595	-0.000282613	0.0	0.0	0.0	0.0	0.00046284937151044197	0.0001487751286825583	0.9	0.0	1500	1500	1900	1500	True
0.0	0.0	1.1	0.0001413065	-0.000439614	0.9497992025	0.000282613	-0.00146538	1.099598405	0.00146538	0.000401595	-0.000282613	0.0	0.0	0.0	0.0	0.00046284937151044197	0.0001487751286825583	0.9	0.0	1500	1500	1900	1500	True
0.0	0.0	1.1	0.0001413065	-0.000439614	0.9497992025	0.000282613	-0.00146538	1.099598405	0.00146538	0.000401595	-0.000282613	0.0	0.0	0.0	0.0	0.00046284937151044197	0.0001487751286825583	0.9	0.0	1500	1500	1900	1500	True
0.0	0.0	1.1	0.0001413065	-0.000439614	0.9497992025	0.000282613	-0.00146538	1.099598405	0.00146538	0.000401595	-0.000282613	0.0	0.0	0.0	0.0	0.00046284937151044197	0.0001487751286825583	0.9	0.0	1500	1500	1900	1500	True
0.0	0.0	1.1	0.0001413065	-0.000439614	0.9497992025	0.000282613	-0.00146538	1.099598405	0.00146538	0.000401595	-0.000282613	0.0	0.0	0.0	0.0	0.00046284937151044197	0.0001487751286825583	0.9	0.0	1500	1500	1900	1500	True
0.0	0.0	1.1	0.0001413065	-0.000439614	0.9497992025	0.000282613	-0.00146538	1.099598405	0.00146538	0.000401595	-0.000282613	0.0	0.0	0.0	0.0	0.00046284937151044197	0.0001487751286825583	0.9	0.0	1500	1500	1900	1500	True
0.0	0.0	1.1	0.0001413065	-0.000439614	0.9497992025	0.000282613	-0.00146538	1.099598405	0.00146538	0.000401595	-0.000282613	0.0	0.0	0.0	0.0	0.00046284937151044197	0.0001487751286825583	0.9	0.0	1500	1500	1900	1500	True
0.0	0.0	1.1	0.0001413065	-0.000439614	0.9497992025	0.000282613	-0.00146538	1.099598405	0.00146538	0.000401595	-0.000282613	0.0	0.0	0.0	0.0	0.00046284937151044197	0.0001487751286825583	0.9	0.0	1500	1500	1900	1500	True
0.0	0.0	1.1	0.0001413065	-0.000439614	0.9497992025	0.000282613	-0.00146538	1.099598405	0.00146538	0.000401595	-0.000282613	0.0	0.0	0.0	0.0	0.00046284937151044197	0.0001487751286825583	0.9	0.0	1500	1500	1900	1500	True
0.0	0.0	1.1	0.0001413065	-0.000439614	0.9497992025	0.000282613	-0.00146538	1.099598405	0.00146538	0.000401595	-0.000282613	0.0	0.0	0.0	0.0	0.00046284937151044197	0.0001487751286825583	0.9	0.0	1500	1500	1900	1500	True
0.0	0.0	1.1	0.0001413065	-0.000439614	0.9497992025	0.000282613	-0.00146538	1.099598405	0.00146538	0.000401595	-0.000282613	0.0	0.0	0.0	0.0	0.00046284937151044197	0.0001487751286825583	0.9	0.0	1500	1500	1900	1500	True
0.0	0.0	1.1	0.0001413065	-0.000439614	0.9497992025	0.000282613	-0.00146538	1.099598405	0.00146538	0.000401595	-0.000282613	0.0	0.0	0.0	0.0	0.00046284937151044197	0.0001487751286825583	0.9	0.0	1500	1500	1900	1500	True
0.0	0.0	1.1	0.0001413065	-0.000439614	0.9497992025	0.000282613	-0.00146538	1.099598405	0.00146538	0.000401595	-0.000282613	0.0	0.0	0.0	0.0	0.00046284937151044197	0.0001487751286825583	0.9	0.0	1500	1500	1900	1500	True
0.0	0.0	1.1	0.0001413065	-0.000439614	0.9497992025	0.000282613	-0.00146538	1.099598405	0.00146538	0.000401595	-0.000282613	0.0	0.0	0.0	0.0	0.00046284937151044197	0.0001487751286825583	0.9	0.0	1500	1500	1900	1500	True
0.0	0.0	1.1	0.0001413065	-0.000439614	0.9497992025	0.000282613	-0.00146538	1.099598405	0.00146538	0.000401595	-0.000282613	0.0	0.0	0.0	0.0	0.00046284937151044197	0.0001487751286825583	0.9	0.0	1500	1500	1900	1500	True
0.0	0.0	1.1	0.0001413065	-0.000439614	0.9497992025	0.000282613	-0.00146538	1.099598405	0.00146538	0.000401595	-0.000282613	0.0	0.0	0.0	0.0	0.00046284937151044197	0.0001487751286825583	0.9	0.0	1500	1500	1900	1500	True
0.0	0.0	1.1	0.0001413065	-0.000439614	0.9497992025	0.000282613	-0.00146538	1.099598405	0.00146538	0.000401595	-0.000282613	0.0	0.0	0.0	0.0	0.00046284937151044197	0.0001487751286825583	0.9	0.0	1500	1500	1900	1500	True
0.0	0.0	1.1	0.0001413065	-0.000439614	0.9497992025	0.000282613	-0.00146538	1.099598405	0.00146538	0.000401595	-0.000282613	0.0	0.0	0.0	0.0	0.00046284937151044197	0.0001487751286825583	0.9	0.0	1500	1500	1900	1500	True
0.0	0.0	1.1	0.0001413065	-0.000439614	0.9497992025	0.000282613	-0.00146538	1.099598405	0.00146538	0.000401595	-0.000282613	0.0	0.0	0.0	0.0	0.00046284937151044197	0.0001487751286825583	0.9	0.0	1500	1500	1900	1500	True
0.0	0.0	1.1	0.0001413065	-0.000439614	0.9497992025	0.000282613	-0.00146538	1.099598405	0.00146538	0.000401595	-0.000282613	0.0	0.0	0.0	0.0	0.00046284937151044197	0.0001487751286825583	0.9	0.0	1500	1500	1900	1500	True
0.0	0.0	1.1	0.0001413065	-0.000439614	0.9497992025	0.000282613	-0.00146538	1.099598405	0.00146538	0.000401595	-0.000282613	0.0	0.0	0.0	0.0	0.00046284937151044197	0.0001487751286825583	0.9	0.0	1500	1500	1900	1500	True
0.0	0.0	1.1	0.0001413065	-0.000439614	0.9497992025	0.000282613	-0.00146538	1.099598405	0.00146538	0.000401595	-0.000282613	0.0	0.0	0.0	0.0	0.00046284937151044197	0.0001487751286825583	0.9	0.0	1500	1500	1900	1500	True
0.0	0.0	1.1	0.0001413065	-0.000439614	0.9497992025	0.000282613	-0.00146538	1.099598405	0.00146538	0.000401595	-0.000282613	0.0	0.0	0.0	0.0	0.00046284937151044197	0.0001487751286825583	0.9	0.0	1500	1500	1900	1500	True
0.0	0.0	1.1	0.0001413065	-0.000439614	0.9497992025	0.000282613	-0.00146538	1.099598405	0.00146538	0.000401595	-0.000282613	0.0	0.0	0.0	0.0	0.00046284937151044197	0.0001487751286825583	0.9	0.0	1500	1500	1900	1500	True
0.0	0.0	1.1	0.0001413065	-0.000439614	0.9497992025	0.000282613	-0.00146538	1.099598405	0.00146538	0.000401595	-0.000282613	0.0	0.0	0.0	0.0	0.00046284937151044197	0.0001487751286825583	0.9	0.0	1500	1500	1900	1500	True
0.0	0.0	1.1	0.0001413065	-0.000439614	0.9497992025	0.000282613	-0.00146538	1.099598405	0.00146538	0.000401595	-0.000282613	0.0	0.0	0.0	0.0	0.00046284937151044197	0.0001487751286825583	0.9	0.0	1500	1500	1900	1500	True
0.0	0.0	1.1	0.0001413065	-0.000439614	0.9497992025	0.000282613	-0.00146538	1.099598405	0.00146538	0.000401595	-0.000282613	0.0	0.0	0.0	0.0	0.00046284937151044197	0.0001487751286825583	0.9	0.0	1500	1500	1900	1500	True
0.0	0.0	1.1	0.0001413065	-0.000439614	0.9497992025	0.000282613	-0.00146538	1.099598405	0.00146538	0.000401595	-0.000282613	0.0	0.0	0.0	0.0	0.00046284937151044197	0.0001487751286825583	0.9	0.0	1500	1500	1900	1500	True
0.0	0.0	1.1	-0.00073269	-0.00012047849999999999	0.9501413065000001	-0.00146538	-0.000401595	1.100282613	0.00146538	0.000401595	-0.000282613	0.0	0.0	0.0	0.0	0.00012680057405488465	-0.0007711377768277561	0.9	0.0	1500	1499	1900	1500	True
0.0	0.0	1.1	-0.00073269	-0.00012047849999999999	0.9501413065000001	-0.00146538	-0.000401595	1.100282613	0.00146538	0.000401595	-0.000282613	0.0	0.0	0.0	0.0	0.00012680057405488465	-0.0007711377768277561	0.9	0.0	1500	1499	1900	1500	True
0.0	0.0	1.1	-0.00073269	-0.00012047849999999999	0.9501413065000001	-0.00146538	-0.000401595	1.100282613	0.00146538	0.000401595	-0.000282613	0.0	0.0	0.0	0.0	0.00012680057405488465	-0.0007711377768277561	0.9	0.0	1500	1499	1900	1500	True
0.0	0.0	1.1	-0.00073269	-0.00012047849999999999	0.9501413065000001	-0.00146538	-0.000401595	1.100282613	0.00146538	0.000401595	-0.000282613	0.0	0.0	0.0	0.0	0.00012680057405488465	-0.0007711377768277561	0.9	0.0	1500	1499	1900	1500	True
0.0	0.0	1.1	-0.00073269	-0.00012047849999999999	0.9501413065000001	-0.00146538	-0.000401595	1.100282613	0.00146538	0.000401595	-0.000282613	0.0	0.0	0.0	0.0	0.00012680057405488465	-0.0007711377768277561	0.9	0.0	1500	1499	1900	1500	True
0.0	0.0	1.1	-0.00073269	-0.00012047849999999999	0.9501413065000001	-0.00146538	-0.000401595	1.100282613	0.00146538	0.000401595	-0.000282613	0.0	0.0	0.0	0.0	0.00012680057405488465	-0.0007711377768277561	0.9	0.0	1500	1499	1900	1500	True
0.0	0.0	1.1	-0.00073269	-0.00012047849999999999	0.9501413065000001	-0.00146538	-0.000401595	1.100282613	0.00146538	0.000401595	-0.000282613	0.0	0.0	0.0	0.0	0.00012680057405488465	-0.0007711377768277561	0.9	0.0	1500	1499	1900	1500	True
0.0	0.0	1.1	-0.00073269	-0.00012047849999999999	0.9501413065000001	-0.00146538	-0.000401595	1.100282613	0.00146538	0.000401595	-0.000282613	0.0	0.0	0.0	0.0	0.00012680057405488465	-0.0007711377768277561	0.9	0.0	1500	1499	1900	1500	True
0.0	0.0	1.1	-0.00073269	-0.00012047849999999999	0.9501413065000001	-0.00146538	-0.000401595	1.100282613	0.00146538	0.000401595	-0.000282613	0.0	0.0	0.0	0.0	0.00012680057405488465	-0.0007711377768277561	0.9	0.0	1500	1499	1900	1500	True
0.0	0.0	1.1	-0.00073269	-0.00012047849999999999	0.9501413065000001	-0.00146538	-0.000401595	1.100282613	0.00146538	0.000401595	-0.000282613	0.0	0.0	0.0	0.0	0.00012680057405488465	-0.0007711377768277561	0.9	0.0	1500	1499	1900	1500	True
0.0	0.0	1.1	-0.00073269	-0.00012047849999999999	0.9501413065000001	-0.00146538	-0.000401595	1.100282613	0.00146538	0.000401595	-0.000282613	0.0	0.0	0.0	0.0	0.00012680057405488465	-0.0007711377768277561	0.9	0.0	1500	1499	1900	1500	True
0.0	0.0	1.1	-0.00073269	-0.00012047849999999999	0.9501413065000001	-0.00146538	-0.000401595	1.100282613	0.00146538	0.000401595	-0.000282613	0.0	0.0	0.0	0.0	0.00012680057405488465	-0.0007711377768277561	0.9	0.0	1500	1499	1900	1500	True
0.0	0.0	1.1	-0.00073269	-0.00012047849999999999	0.9501413065000001	-0.00146538	-0.000401595	1.100282613	0.00146538	0.000401595	-0.000282613	0.0	0.0	0.0	0.0	0.00012680057405488465	-0.0007711377768277561	0.9	0.0	1500	1499	1900	1500	True
0.0	0.0	1.1	-0.00073269	-0.00012047849999999999	0.9501413065000001	-0.00146538	-0.000401595	1.100282613	0.00146538	0.000401595	-0.000282613	0.0	0.0	0.0	0.0	0.00012680057405488465	-0.0007711377768277561	0.9	0.0	1500	1499	1900	1500	True
0.0	0.0	1.1	-0.00073269	-0.00012047849999999999	0.9501413065000001	-0.00146538	-0.000401595	1.100282613	0.00146538	0.000401595	-0.000282613	0.0	0.0	0.0	0.0	0.00012680057405488465	-0.0007711377768277561	0.9	0.0	1500	1499	1900	1500	True
0.0	0.0	1.1	-0.00073269	-0.00012047849999999999	0.9501413065000001	-0.00146538	-0.000401595	1.100282613	0.00146538	0.000401595	-0.000282613	0.0	0.0	0.0	0.0	0.00012680057405488465	-0.0007711377768277561	0.9	0.0	1500	1499	1900	1500	True
0.0	0.0	1.1	-0.00073269	-0.00012047849999999999	0.9501413065000001	-0.00146538	-0.000401595	1.100282613	0.00146538	0.000401595	-0.000282613	0.0	0.0	0.0	0.0	0.00012680057405488465	-0.0007711377768277561	0.9	0.0	1500	1499	1900	1500	True
0.0	0.0	1.1	-0.00073269	-0.00012047849999999999	0.9501413065000001	-0.00146538	-0.000401595	1.100282613	0.00146538	0.000401595	-0.000282613	0.0	0.0	0.0	0.0	0.00012680057405488465	-0.0007711377768277561	0.9	0.0	1500	1499	1900	1500	True
0.0	0.0	1.1	-0.00073269	-0.00012047849999999999	0.9501413065000001	-0.00146538	-0.000401595	1.100282613	0.00146538	0.000401595	-0.000282613	0.0	0.0	0.0	0.0	0.00012680057405488465	-0.0007711377768277561	0.9	0.0	1500	1499	1900	1500	True
0.0	0.0	1.1	-0.00073269	-0.00012047849999999999	0.9501413065000001	-0.00146538	-0.000401595	1.100282613	0.00146538	0.000401595	-0.000282613	0.0	0.0	0.0	0.0	0.00012680057405488465	-0.0007711377768277561	0.9	0.0	1500	1499	1900	1500	True
0.0	0.0	1.1	-0.00073269	-0.00012047849999999999	0.9501413065000001	-0.00146538	-0.000401595	1.100282613	0.00146538	0.000401595	-0.000282613	0.0	0.0	0.0	0.0	0.00012680057405488465	-0.0007711377768277561	0.9	0.0	1500	1499	1900	1500	True
0.0	0.0	1.1	-0.00073269	-0.00012047849999999999	0.9501413065000001	-0.00146538	-0.000401595	1.100282613	0.00146538	0.000401595	-0.000282613	0.0	0.0	0.0	0.0	0.00012680057405488465	-0.0007711377768277561	0.9	0.0	1500	1499	1900	1500	True
0.0	0.0	1.1	-0.00073269	-0.00012047849999999999	0.9501413065000001	-0.00146538	-0.000401595	1.100282613	0.00146538	0.000401595	-0.000282613	0.0	0.0	0.0	0.0	0.00012680057405488465	-0.0007711377768277561	0.9	0.0	1500	1499	1900	1500	True
0.0	0.0	1.1	-0.00073269	-0.00012047849999999999	0.9501413065000001	-0.00146538	-0.000401595	1.100282613	0.00146538	0.000401595	-0.000282613	0.0	0.0	0.0	0.0	0.00012680057405488465	-0.0007711377768277561	0.9	0.0	1500	1499	1900	1500	True
0.0	0.0	1.1	-0.00073269	-0.00012047849999999999	0.9501413065000001	-0.00146538	-0.000401595	1.100282613	0.00146538	0.000401595	-0.000282613	0.0	0.0	0.0	0.0	0.00012680057405488465	-0.0007711377768277561	0.9	0.0	1500	1499	1900	1500	True
0.0	0.0	1.1	-0.00073269	-0.00012047849999999999	0.9501413065000001	-0.00146538	-0.000401595	1.100282613	0.00146538	0.000401595	-0.000282613	0.0	0.0	0.0	0.0	0.00012680057405488465	-0.0007711377768277561	0.9	0.0	1500	1499	1900	1500	True
0.0	0.0	1.1	-0.00073269	-0.00012047849999999999	0.9501413065000001	-0.00146538	-0.000401595	1.100282613	0.00146538	0.000401595	-0.000282613	0.0	0.0	0.0	0.0	0.00012680057405488465	-0.0007711377768277561	0.9	0.0	1500	1499	1900	1500	True
0.0	0.0	1.1	-0.00073269	-0.00012047849999999999	0.9501413065000001	-0.00146538	-0.000401595	1.100282613	0.00146538	0.000401595	-0.000282613	0.0	0.0	0.0	0.0	0.00012680057405488465	-0.0007711377768277561	0.9	0.0	1500	1499	1900	1500	True
0	0	1.1	-0.00073269	-0.00012047849999999999	0.9501413065000001	-0.00146538	-0.000401595	1.100282613	0.00146538	0.000401595	-0.000282613	0.0	0.0	0.0	0.0	0.00012680057405488465	-0.0007711377768277561	0.9	0.0	1500	1499	1900	1500	True
0.0	0.0	1.0982214896806965	-0.00073269	-0.00012047849999999999	0.9492520513403483	-0.00146538	-0.000401595	1.0985041026806965	0.00146538	0.000401595	-0.000282613	0.0	0.0	0.0	0.0	0.0001269193623935812	-0.0007718601749268817	0.9	0.0	1500	1499	1900	1500	True
0.0	0.0	1.0942635625157209	-0.00073269	-0.00012047849999999999	0.9472730877578605	-0.00146538	-0.000401595	1.0945461755157209	0.00146538	0.000401595	-0.000282613	0.0	0.0	0.0	0.0	0.00012718451068977703	-0.0007734726799479228	0.9	0.0	1500	1499	1900	1500	True
0.0	0.0	1.0901203098339636	-0.00073269	-0.00012047849999999999	0.9452014614169818	-0.00146538	-0.000401595	1.0904029228339636	0.00146538	0.000401595	-0.000282613	0.0	0.0	0.0	0.0	0.00012746326417915142	-0.0007751679226259295	0.9	0.0	1500	1499	1900	1500	True
0.0	0.0	1.0821192740818617	-0.00073269	-0.00012047849999999999	0.9412009435409309	-0.00146538	-0.000401595	1.0824018870818617	0.00146538	0.000401595	-0.000282613	0.0	0.0	0.0	0.0	0.00012800503911656778	-0.0007784627256759103	0.9	0.0	1500	1499	1900	1500	True
0.0	0.0	1.0719007408448533	-0.00073269	-0.00012047849999999999	0.9360916769224267	-0.00146538	-0.000401595	1.0721833538448533	0.00146538	0.000401595	-0.000282613	0.0	0.0	0.0	0.0	0.00012870370135681245	-0.0007827116385054837	0.9	0.0	1500	1499	1900	1500	True
0.0	0.0	1.0591743919280532	-0.00073269	-0.00012047849999999999	0.9297285024640266	-0.00146538	-0.000401595	1.0594570049280532	0.00146538	0.000401595	-0.000282613	0.0	0.0	0.0	0.0	0.00012958456297289993	-0.000788068609769446	0.9	0.0	1500	1499	1900	1500	True
0.0	0.0	1.0445299835096478	-0.00073269	-0.00012047849999999999	0.9224062982548239	-0.00146538	-0.000401595	1.0448125965096478	0.00146538	0.000401595	-0.000282613	0.0	0.0	0.0	0.0	0.00013061322579011495	-0.0007943244177079044	0.9	0.0	1500	1499	1900	1500	True
0.0	0.0	1.0272493674060854	-0.00073269	-0.00012047849999999999	0.9137659902030427	-0.00146538	-0.000401595	1.0275319804060854	0.00146538	0.000401595	-0.000282613	0.0	0.0	0.0	0.0	0.00013184826475419	-0.0008018353176409059	0.9	0.0	1500	1499	1900	1500	True
0.0	0.0	1.0080376867393	-0.00073269	-0.00012047849999999999	0.90416014986965	-0.00146538	-0.000401595	1.0083202997393	0.00146538	0.000401595	-0.000282613	0.0	0.0	0.0	0.0	0.00013324902831455588	-0.000810354050297161	0.9	0.0	1500	1499	1900	1500	True
0.0	0.0	0.987598102263263	-0.00073269	-0.00012047849999999999	0.8939403576316315	-0.00146538	-0.000401595	0.9878807152632629	0.00146538	0.000401595	-0.000282613	0.0	0.0	0.0	0.0	0.00013477236762496524	-0.0008196182549278495	0.8939406660132843	0.0	1500	1499	1893	1500	True
0.0	0.0	0.965572889227559	-0.00073269	-0.00012047849999999999	0.8829277511137795	-0.00146538	-0.000401595	0.965855502227559	0.00146538	0.000401595	-0.000282613	0.0	0.0	0.0	0.0	0.0001364533609354056	-0.0008298412081352142	0.8829280633418225	0.0	1500	1499	1882	1500	True
0.0	0.0	0.9492442030634436	-0.00073269	-0.00012047849999999999	0.8747634080317218	-0.00146538	-0.000401595	0.9495268160634436	0.00146538	0.000401595	-0.000282613	0.0	0.0	0.0	0.0	0.00013772690617114256	-0.0008375862798335248	0.874763723173851	0.0	1500	1499	1874	1500	True
0.0	0.0	0.919206502782373	-0.00073269	-0.00012047849999999999	0.8597445578911865	-0.00146538	-0.000401595	0.919489115782373	0.00146538	0.000401595	-0.000282613	0.0	0.0	0.0	0.0	0.00014013285243899586	-0.0008522180405499622	0.8597448785385214	0.0	1500	1499	1859	1500	True
0.0	0.0	0.8932889909231392	-0.00073269	-0.00012047849999999999	0.8467858019615696	-0.00146538	-0.000401595	0.8935716039231392	0.00146538	0.000401595	-0.000282613	0.0	0.0	0.0	0.0	0.00014227736778719806	-0.0008652599222201331	0.8467861275159175	0.0	1500	1499	1846	1500	True
0.0	0.0	0.8651098012004184	-0.00073269	-0.00012047849999999999	0.8326962071002092	-0.00146538	-0.000401595	0.8653924142004183	0.00146538	0.000401595	-0.000282613	0.0	0.0	0.0	0.0	0.00014468476267007758	-0.0008799005022373089	0.8326965381630811	0.0	1500	1499	1832	1500	True
0.0	0.0	0.8348353798442361	-0.00073269	-0.00012047849999999999	0.817558996422118	-0.00146538	-0.000401595	0.835117992844236	0.00146538	0.000401595	-0.000282613	0.0	0.0	0.0	0.0	0.00014736361820092556	-0.0008961919652382341	0.8175593336146594	0.0	1500	1499	1817	1500	True
0.0	0.0	0.8140107688789726	-0.00073269	-0.00012047849999999999	0.8071466909394863	-0.00146538	-0.000401595	0.8142933818789726	0.00146538	0.000401595	-0.000282613	0.0	0.0	0.0	0.0	0.00014926462786713377	-0.0009077529610644673	0.8071470324818569	0.0	1500	1499	1807	1500	True
0.0	0.0	0.7836861249789422	-0.00073269	-0.00012047849999999999	0.7919843689894711	-0.00146538	-0.000401595	0.7839687379789422	0.00146538	0.000401595	-0.000282613	0.0	0.0	0.0	0.0	0.00015212225475053887	-0.0009251316309170864	0.7919847170705732	0.0	1500	1499	1791	1500	True
0.0	0.0	0.7567555241965636	-0.00073269	-0.00012047849999999999	0.7785190685982818	-0.00146538	-0.000401595	0.7570381371965635	0.00146538	0.000401595	-0.000282613	0.0	0.0	0.0	0.0	0.00015475336493528394	-0.0009411327394673917	0.7785194226998073	0.0	1500	1499	1778	1500	True
0.0	0.0	0.7241857656553066	-0.00073269	-0.00012047849999999999	0.7622341893276533	-0.00146538	-0.000401595	0.7244683786553066	0.00146538	0.000401595	-0.000282613	0.0	0.0	0.0	0.0	0.0001580596167032954	-0.0009612397144153647	0.7622345509944364	0.0	1500	1499	1762	1500	True
0.0	0.0	0.7051017593710469	-0.00073269	-0.00012047849999999999	0.7526921861855235	-0.00146538	-0.000401595	0.7053843723710469	0.00146538	0.000401595	-0.000282613	0.0	0.0	0.0	0.0	0.00016006336197913433	-0.0009734255012391052	0.7526925524372138	0.0	1500	1499	1752	1500	True
0.0	0.0	0.6692452215290245	-0.00073269	-0.00012047849999999999	0.7347639172645123	-0.00146538	-0.000401595	0.6695278345290245	0.00146538	0.000401595	-0.000282613	0.0	0.0	0.0	0.0	0.00016396891126144357	-0.0009971771067330826	0.734764292452754	0.0	1500	1499	1734	1500	True
0.0	0.0	0.6338204754577816	-0.00073269	-0.00012047849999999999	0.7170515442288908	-0.00146538	-0.000401595	0.6341030884577816	0.00146538	0.000401595	-0.000282613	0.0	0.0	0.0	0.0	0.00016801921338381782	-0.0010218090328559155	0.717051928684905	0.0	1500	1499	1717	1500	True
0.0	0.0	0.6025848812169272	-0.00073269	-0.00012047849999999999	0.7014337471084636	-0.00146538	-0.000401595	0.6028674942169272	0.00146538	0.000401595	-0.000282613	0.0	0.0	0.0	0.0	0.00017176024709049815	-0.001044560140552967	0.7014341401245916	0.0	1500	1499	1701	1500	True
0.0	0.0	0.5726062961777529	-0.00073269	-0.00012047849999999999	0.6864444545888765	-0.00146538	-0.000401595	0.5728889091777529	0.00146538	0.000401595	-0.000282613	0.0	0.0	0.0	0.0	0.00017551082028116475	-0.0010673692779473603	0.686444856186952	0.0	1500	1499	1686	1500	True
0.0	0.0	0.5422183245763676	-0.00073269	-0.00012047849999999999	0.6712504687881838	-0.00146538	-0.000401595	0.5425009375763676	0.00146538	0.000401595	-0.000282613	0.0	0.0	0.0	0.0	0.00017948356432078674	-0.0010915295304296077	0.6712508794765647	0.0	1500	1499	1671	1500	True
0.0	0.0	0.5095016699206099	-0.00073269	-0.00012047849999999999	0.6548921414603049	-0.00146538	-0.000401595	0.5097842829206098	0.00146538	0.000401595	-0.000282613	0.0	0.0	0.0	0.0	0.00018396681825799392	-0.001118794451542291	0.6548925624071242	0.0	1500	1499	1654	1500	True
0.0	0.0	0.47441728910311554	0.0001413065	-0.000439614	0.6370078470515578	0.000282613	-0.00146538	0.47401569410311556	0.00146538	0.000401595	-0.000282613	0.0	0.0	0.0	0.0	0.0006901232397340351	0.00022182850468377188	0.6370080144183876	0.0	1500	1500	1637	1500	True
0.0	0.0	0.43634429432515276	0.0001413065	-0.000439614	0.6179713496625764	0.000282613	-0.00146538	0.4359426993251528	0.00146538	0.000401595	-0.000282613	0.0	0.0	0.0	0.0	0.0007113823551387613	0.00022866189189893834	0.6179715221851102	0.0	1500	1500	1617	1500	True
0.0	0.0	0.40156562699687015	0.0001413065	-0.000439614	0.6005820159984351	0.000282613	-0.00146538	0.4011640319968702	0.00146538	0.000401595	-0.000282613	0.0	0.0	0.0	0.0	0.0007319798087229156	0.00023528259907828984	0.6005821935162085	0.0	1500	1500	1600	1500	True
0.0	0.0	0.3649912868202705	0.0001413065	-0.000439614	0.5822948459101353	0.000282613	-0.00146538	0.3645896918202705	0.00146538	0.000401595	-0.000282613	0.0	0.0	0.0	0.0	0.0007549678766999483	0.0002426717306556683	0.5822950290029137	0.0	1500	1500	1582	1500	True
0.0	0.0	0.33076601664964755	0.0001413065	-0.000439614	0.5651822108248238	0.000282613	-0.00146538	0.3303644216496476	0.00146538	0.000401595	-0.000282613	0.0	0.0	0.0	0.0	0.0007778268475513854	0.0002500193655236149	0.5651823994612991	0.0	1500	1500	1565	1500	True
0.0	0.0	0.3047655915144105	0.0001413065	-0.000439614	0.5521819982572053	0.000282613	-0.00146538	0.30436399651441054	0.00146538	0.000401595	-0.000282613	0.0	0.0	0.0	0.0	0.0007961394867770881	0.00025590565741522015	0.5521821913348132	0.0	1500	1500	1552	1500	True
0.0	0.0	0.27733925235676793	0.0001413065	-0.000439614	0.538468828678384	0.000282613	-0.00146538	0.27693765735676795	0.00146538	0.000401595	-0.000282613	0.0	0.0	0.0	0.0	0.0008164147368199512	0.0002624227988088563	0.5384690266730917	0.0	1500	1500	1538	1500	True
0.0	0.0	0.24263634262931078	0.0001413065	-0.000439614	0.5211173738146554	0.000282613	-0.00146538	0.24223474762931077	0.00146538	0.000401595	-0.000282613	0.0	0.0	0.0	0.0	0.0008435985853484744	0.0002711605951977143	0.5211175784019181	0.0	1500	1500	1521	1500	True
0.0	0.0	0.2210724797807586	0.0001413065	-0.000439614	0.5103354423903793	0.000282613	-0.00146538	0.2206708847807586	0.00146538	0.000401595	-0.000282613	0.0	0.0	0.0	0.0	0.0008614214061395056	0.000276889443793499	0.5103356512999853	0.0	1500	1500	1510	1500	True
0.0	0.0	0.1929137482431429	0.0001413065	-0.000439614	0.49625607662157145	0.000282613	-0.00146538	0.1925121532431429	0.00146538	0.000401595	-0.000282613	0.0	0.0	0.0	0.0	0.0008858609253201984	0.00028474512017512504	0.4962562914581849	0.0	1500	1500	1496	1500	True
0.0	0.0	0.16699073644852547	0.0001413065	-0.000439614	0.48329457072426274	0.000282613	-0.00146538	0.16658914144852546	0.00146538	0.000401595	-0.000282613	0.0	0.0	0.0	0.0	0.000909618867185464	0.0002923817163346943	0.4832947913225895	0.0	1500	1500	1483	1500	True
0.0	0.0	0.14093624611768973	0.0001413065	-0.000439614	0.4702673255588449	0.000282613	-0.00146538	0.14053465111768973	0.00146538	0.000401595	-0.000282613	0.0	0.0	0.0	0.0	0.0009348169181131419	0.00030048121175364675	0.4702675522681365	0.0	1500	1500	1470	1500	True
0.0	0.0	0.12590171120399418	0.0001413065	-0.000439614	0.4627500581019971	0.000282613	-0.00146538	0.12550011620399418	0.00146538	0.000401595	-0.000282613	0.0	0.0	0.0	0.0	0.0009500027922812896	0.0003053624585924073	0.46275028849412686	0.0	1500	1500	1462	1500	True
0.0	0.0	0.10477154919053078	0.0001413065	-0.000439614	0.4521849770952654	0.000282613	-0.00146538	0.10436995419053077	0.00146538	0.000401595	-0.000282613	0.0	0.0	0.0	0.0	0.0009721991270644263	0.0003124971030228693	0.4521852128703919	0.0	1500	1500	1452	1500	True
0.0	0.0	0.08387305997601402	0.0001413065	-0.000439614	0.441735732488007	0.000282613	-0.00146538	0.08347146497601401	0.00146538	0.000401595	-0.000282613	0.0	0.0	0.0	0.0	0.0009951964489328118	0.00031988921147890195	0.44173597384038354	0.0	1500	1500	1441	1500	True
0.0	0.0	0.07088767859849554	0.0001413065	-0.000439614	0.4352430417992478	0.000282613	-0.00146538	0.07048608359849554	0.00146538	0.000401595	-0.000282613	0.0	0.0	0.0	0.0	0.001010042171948177	0.00032466112404605193	0.4352432867519701	0.0	1500	1500	1435	1500	True
0.0	0.0	0.05572034916141888	0.0001413065	-0.000439614	0.42765937708070945	0.000282613	-0.00146538	0.05531875416141888	0.00146538	0.000401595	-0.000282613	0.0	0.0	0.0	0.0	0.0010279531906368293	0.00033041832401393734	0.427659626377165	0.0	1500	1500	1427	1500	True
0.0	0.0	0.041462680994527545	0.0001413065	-0.000439614	0.4205305429972638	0.000282613	-0.00146538	0.04106108599452755	0.00146538	0.000401595	-0.000282613	0.0	0.0	0.0	0.0	0.0010453790393514552	0.00033601957585558404	0.42053079651979053	0.0	1500	1500	1420	1500	True
0.0	0.0	0.03204440194818403	0.0001413065	-0.000439614	0.415821403474092	0.000282613	-0.00146538	0.031642806948184034	0.00146538	0.000401595	-0.000282613	0.0	0.0	0.0	0.0	0.001057217851600144	0.0003398249662912439	0.4158216598677365	0.0	1500	1500	1415	1500	True
0.0	0.0	0.021222102575450208	0.0001413065	-0.000439614	0.4104102537877251	0.000282613	-0.00146538	0.020820507575450207	0.00146538	0.000401595	-0.000282613	0.0	0.0	0.0	0.0	0.001071156974592805	0.0003443054677483787	0.41041051356184927	0.0	1500	1500	1410	1500	True
0.0	0.0	0.012542088401318097	0.0001413065	-0.000439614	0.40607024670065905	0.000282613	-0.00146538	0.012140493401318097	0.00146538	0.000401595	-0.000282613	0.0	0.0	0.0	0.0	0.0010826053010102778	0.00034798534353971635	0.4060705092512014	0.0	1500	1500	1406	1500	True
0.0	0.0	0.007152291725020632	0.0001413065	-0.000439614	0.4033753483625103	0.000282613	-0.00146538	0.006750696725020632	0.00146538	0.000401595	-0.000282613	0.0	0.0	0.0	0.0	0.0010898380397075312	0.0003503101881088516	0.4033756126671176	0.0	1500	1500	1403	1500	True
0.0	0.0	0.0026094607111417645	0.0001413065	-0.000439614	0.4011039328555709	0.000282613	-0.00146538	0.0022078657111417647	0.00146538	0.000401595	-0.000282613	0.0	0.0	0.0	0.0	0.0010960096887987442	0.00035229396319252487	0.4011041986569104	0.0	1500	1500	1401	1500	True
0.0	0.0	0.00015247995082745547	0.0001413065	-0.000439614	0.39987544247541373	0.000282613	-0.00146538	-0.0002491150491725445	0.00146538	0.000401595	-0.000282613	0.0	0.0	0.0	0.0	0.0010993768278869743	0.0003533762739620366	0.39987570909334297	0.0	1500	1500	1399	1500	True
0	0	0	0.0001413065	-0.000439614	0.3997992025	0.000282613	-0.00146538	-0.000401595	0.00146538	0.000401595	-0.000282613	0.0	0.0	0.0	0.0	0.0010995864739860048	0.00035344366131904125	0.39979946916877207	0.0	1500	1500	1399	1500	True
0	0	0	0.0001413065	-0.000439614	0.3997992025	0.000282613	-0.00146538	-0.000401595	0.00146538	0.000401595	-0.000282613	0.0	0.0	0.0	0.0	0.0010995864739860048	0.00035344366131904125	0.39979946916877207	0.0	1500	1500	1399	1500	True
0	0	0	0.0001413065	-0.000439614	0.3997992025	0.000282613	-0.00146538	-0.000401595	0.00146538	0.000401595	-0.000282613	0.0	0.0	0.0	0.0	0.0010995864739860048	0.00035344366131904125	0.39979946916877207	0.0	1500	1500	1399	1500	True
0	0	0	0.0001413065	-0.000439614	0.3997992025	0.000282613	-0.00146538	-0.000401595	0.00146538	0.000401595	-0.000282613	0.0	0.0	0.0	0.0	0.0010995864739860048	0.00035344366131904125	0.39979946916877207	0.0	1500	1500	1399	1500	True
0	0	0	0.0001413065	-0.000439614	0.3997992025	0.000282613	-0.00146538	-0.000401595	0.00146538	0.000401595	-0.000282613	0.0	0.0	0.0	0.0	0.0010995864739860048	0.00035344366131904125	0.39979946916877207	0.0	1500	1500	1399	1500	True
0	0	0	0.0001413065	-0.000439614	0.3997992025	0.000282613	-0.00146538	-0.000401595	0.00146538	0.000401595	-0.000282613	0.0	0.0	0.0	0.0	0.0010995864739860048	0.00035344366131904125	0.39979946916877207	0.0	1500	1500	1399	1500	True
0	0	0	0.0001413065	-0.000439614	0.3997992025	0.000282613	-0.00146538	-0.000401595	0.00146538	0.000401595	-0.000282613	0.0	0.0	0.0	0.0	0.0010995864739860048	0.00035344366131904125	0.39979946916877207	0.0	1500	1500	1399	1500	True
0	0	0	0.0001413065	-0.000439614	0.3997992025	0.000282613	-0.00146538	-0.000401595	0.00146538	0.000401595	-0.000282613	0.0	0.0	0.0	0.0	0.0010995864739860048	0.00035344366131904125	0.39979946916877207	0.0	1500	1500	1399	1500	True
0	0	0	-0.00073269	-0.00012047849999999999	0.4001413065	-0.00146538	-0.000401595	0.000282613	0.00146538	0.000401595	-0.000282613	0.0	0.0	0.0	0.0	0.0003010893719030124	-0.0018310760954311908	0.4001419954431577	0.0	1500	1499	1400	1500	True
0	0	0	-0.00073269	-0.00012047849999999999	0.4001413065	-0.00146538	-0.000401595	0.000282613	0.00146538	0.000401595	-0.000282613	0.0	0.0	0.0	0.0	0.0003010893719030124	-0.0018310760954311908	0.4001419954431577	0.0	1500	1499	1400	1500	True
0	0	0	-0.00073269	-0.00012047849999999999	0.4001413065	-0.00146538	-0.000401595	0.000282613	0.00146538	0.000401595	-0.000282613	0.0	0.0	0.0	0.0	0.0	0.0	0.0	0.0	1500	1500	1000	1500	True
